ID,Label
0.jpg,41
1.jpg,75
2.jpg,75
3.jpg,88
4.jpg,20
5.jpg,67
6.jpg,38
7.jpg,23
8.jpg,77
9.jpg,77
10.jpg,67
11.jpg,31
12.jpg,97
13.jpg,94
14.jpg,83
15.jpg,79
16.jpg,20
17.jpg,63
18.jpg,94
19.jpg,75
20.jpg,27
21.jpg,38
22.jpg,65
23.jpg,92
24.jpg,20
25.jpg,67
26.jpg,71
27.jpg,8
28.jpg,75
29.jpg,27
30.jpg,18
31.jpg,20
32.jpg,75
33.jpg,0
34.jpg,29
35.jpg,98
36.jpg,27
37.jpg,81
38.jpg,77
39.jpg,10
40.jpg,96
41.jpg,77
42.jpg,1
43.jpg,38
44.jpg,94
45.jpg,63
46.jpg,94
47.jpg,78
48.jpg,54
49.jpg,34
50.jpg,28
51.jpg,38
52.jpg,8
53.jpg,20
54.jpg,75
55.jpg,87
56.jpg,67
57.jpg,27
58.jpg,88
59.jpg,22
60.jpg,74
61.jpg,10
62.jpg,27
63.jpg,67
64.jpg,32
65.jpg,3
66.jpg,75
67.jpg,68
68.jpg,20
69.jpg,90
70.jpg,18
71.jpg,18
72.jpg,8
73.jpg,32
74.jpg,88
75.jpg,81
76.jpg,38
77.jpg,20
78.jpg,85
79.jpg,32
80.jpg,22
81.jpg,75
82.jpg,0
83.jpg,15
84.jpg,67
85.jpg,67
86.jpg,81
87.jpg,60
88.jpg,25
89.jpg,32
90.jpg,44
91.jpg,22
92.jpg,33
93.jpg,8
94.jpg,66
95.jpg,42
96.jpg,48
97.jpg,44
98.jpg,51
99.jpg,38
100.jpg,75
101.jpg,81
102.jpg,31
103.jpg,75
104.jpg,10
105.jpg,19
106.jpg,41
107.jpg,37
108.jpg,77
109.jpg,67
110.jpg,40
111.jpg,37
112.jpg,89
113.jpg,23
114.jpg,94
115.jpg,48
116.jpg,99
117.jpg,27
118.jpg,38
119.jpg,21
120.jpg,61
121.jpg,65
122.jpg,38
123.jpg,88
124.jpg,77
125.jpg,31
126.jpg,78
127.jpg,43
128.jpg,67
129.jpg,94
130.jpg,97
131.jpg,94
132.jpg,75
133.jpg,92
134.jpg,20
135.jpg,20
136.jpg,67
137.jpg,92
138.jpg,70
139.jpg,10
140.jpg,81
141.jpg,67
142.jpg,38
143.jpg,63
144.jpg,92
145.jpg,10
146.jpg,37
147.jpg,67
148.jpg,33
149.jpg,87
150.jpg,34
151.jpg,44
152.jpg,44
153.jpg,20
154.jpg,92
155.jpg,22
156.jpg,67
157.jpg,77
158.jpg,70
159.jpg,91
160.jpg,32
161.jpg,77
162.jpg,38
163.jpg,69
164.jpg,62
165.jpg,67
166.jpg,94
167.jpg,82
168.jpg,50
169.jpg,4
170.jpg,81
171.jpg,3
172.jpg,33
173.jpg,88
174.jpg,38
175.jpg,44
176.jpg,78
177.jpg,94
178.jpg,66
179.jpg,67
180.jpg,63
181.jpg,67
182.jpg,94
183.jpg,1
184.jpg,60
185.jpg,38
186.jpg,55
187.jpg,90
188.jpg,27
189.jpg,44
190.jpg,94
191.jpg,67
192.jpg,66
193.jpg,75
194.jpg,10
195.jpg,18
196.jpg,61
197.jpg,77
198.jpg,63
199.jpg,44
200.jpg,31
201.jpg,20
202.jpg,28
203.jpg,27
204.jpg,82
205.jpg,61
206.jpg,47
207.jpg,38
208.jpg,18
209.jpg,31
210.jpg,88
211.jpg,6
212.jpg,0
213.jpg,8
214.jpg,28
215.jpg,94
216.jpg,94
217.jpg,38
218.jpg,85
219.jpg,24
220.jpg,62
221.jpg,67
222.jpg,37
223.jpg,8
224.jpg,44
225.jpg,10
226.jpg,3
227.jpg,52
228.jpg,38
229.jpg,67
230.jpg,63
231.jpg,61
232.jpg,31
233.jpg,10
234.jpg,38
235.jpg,67
236.jpg,37
237.jpg,63
238.jpg,63
239.jpg,27
240.jpg,67
241.jpg,38
242.jpg,14
243.jpg,77
244.jpg,55
245.jpg,8
246.jpg,92
247.jpg,97
248.jpg,94
249.jpg,97
250.jpg,94
251.jpg,75
252.jpg,84
253.jpg,94
254.jpg,67
255.jpg,27
256.jpg,85
257.jpg,68
258.jpg,41
259.jpg,16
260.jpg,27
261.jpg,75
262.jpg,67
263.jpg,67
264.jpg,22
265.jpg,67
266.jpg,81
267.jpg,37
268.jpg,73
269.jpg,32
270.jpg,38
271.jpg,0
272.jpg,63
273.jpg,70
274.jpg,10
275.jpg,52
276.jpg,78
277.jpg,38
278.jpg,64
279.jpg,81
280.jpg,31
281.jpg,38
282.jpg,91
283.jpg,94
284.jpg,63
285.jpg,10
286.jpg,27
287.jpg,63
288.jpg,61
289.jpg,71
290.jpg,63
291.jpg,63
292.jpg,61
293.jpg,74
294.jpg,31
295.jpg,67
296.jpg,31
297.jpg,29
298.jpg,20
299.jpg,27
300.jpg,85
301.jpg,20
302.jpg,90
303.jpg,57
304.jpg,31
305.jpg,75
306.jpg,63
307.jpg,75
308.jpg,31
309.jpg,37
310.jpg,38
311.jpg,38
312.jpg,94
313.jpg,31
314.jpg,88
315.jpg,94
316.jpg,40
317.jpg,0
318.jpg,10
319.jpg,44
320.jpg,48
321.jpg,64
322.jpg,55
323.jpg,63
324.jpg,55
325.jpg,66
326.jpg,94
327.jpg,27
328.jpg,37
329.jpg,63
330.jpg,88
331.jpg,60
332.jpg,85
333.jpg,55
334.jpg,22
335.jpg,62
336.jpg,81
337.jpg,12
338.jpg,55
339.jpg,67
340.jpg,67
341.jpg,32
342.jpg,50
343.jpg,51
344.jpg,31
345.jpg,0
346.jpg,33
347.jpg,52
348.jpg,75
349.jpg,81
350.jpg,31
351.jpg,75
352.jpg,47
353.jpg,11
354.jpg,38
355.jpg,55
356.jpg,67
357.jpg,78
358.jpg,28
359.jpg,38
360.jpg,62
361.jpg,90
362.jpg,49
363.jpg,85
364.jpg,82
365.jpg,8
366.jpg,83
367.jpg,78
368.jpg,22
369.jpg,28
370.jpg,94
371.jpg,37
372.jpg,8
373.jpg,32
374.jpg,69
375.jpg,81
376.jpg,77
377.jpg,94
378.jpg,90
379.jpg,33
380.jpg,77
381.jpg,88
382.jpg,44
383.jpg,94
384.jpg,29
385.jpg,77
386.jpg,67
387.jpg,38
388.jpg,62
389.jpg,67
390.jpg,94
391.jpg,38
392.jpg,77
393.jpg,27
394.jpg,90
395.jpg,63
396.jpg,75
397.jpg,31
398.jpg,3
399.jpg,38
400.jpg,31
401.jpg,38
402.jpg,88
403.jpg,88
404.jpg,44
405.jpg,63
406.jpg,94
407.jpg,3
408.jpg,22
409.jpg,33
410.jpg,87
411.jpg,43
412.jpg,9
413.jpg,42
414.jpg,37
415.jpg,10
416.jpg,27
417.jpg,52
418.jpg,66
419.jpg,67
420.jpg,41
421.jpg,78
422.jpg,44
423.jpg,10
424.jpg,44
425.jpg,63
426.jpg,64
427.jpg,61
428.jpg,14
429.jpg,77
430.jpg,38
431.jpg,44
432.jpg,94
433.jpg,91
434.jpg,71
435.jpg,22
436.jpg,38
437.jpg,4
438.jpg,38
439.jpg,67
440.jpg,94
441.jpg,77
442.jpg,88
443.jpg,61
444.jpg,63
445.jpg,85
446.jpg,34
447.jpg,67
448.jpg,75
449.jpg,99
450.jpg,24
451.jpg,88
452.jpg,32
453.jpg,74
454.jpg,75
455.jpg,51
456.jpg,4
457.jpg,38
458.jpg,41
459.jpg,60
460.jpg,41
461.jpg,18
462.jpg,10
463.jpg,27
464.jpg,33
465.jpg,63
466.jpg,67
467.jpg,97
468.jpg,90
469.jpg,71
470.jpg,92
471.jpg,8
472.jpg,44
473.jpg,77
474.jpg,52
475.jpg,75
476.jpg,78
477.jpg,44
478.jpg,32
479.jpg,38
480.jpg,24
481.jpg,94
482.jpg,44
483.jpg,55
484.jpg,44
485.jpg,20
486.jpg,37
487.jpg,67
488.jpg,61
489.jpg,77
490.jpg,94
491.jpg,62
492.jpg,92
493.jpg,71
494.jpg,27
495.jpg,90
496.jpg,10
497.jpg,81
498.jpg,61
499.jpg,71
500.jpg,27
501.jpg,85
502.jpg,27
503.jpg,32
504.jpg,90
505.jpg,71
506.jpg,91
507.jpg,1
508.jpg,37
509.jpg,94
510.jpg,88
511.jpg,91
512.jpg,51
513.jpg,41
514.jpg,67
515.jpg,90
516.jpg,11
517.jpg,8
518.jpg,81
519.jpg,85
520.jpg,56
521.jpg,38
522.jpg,41
523.jpg,38
524.jpg,67
525.jpg,67
526.jpg,66
527.jpg,94
528.jpg,77
529.jpg,20
530.jpg,94
531.jpg,38
532.jpg,67
533.jpg,27
534.jpg,81
535.jpg,33
536.jpg,77
537.jpg,10
538.jpg,22
539.jpg,86
540.jpg,94
541.jpg,61
542.jpg,18
543.jpg,38
544.jpg,75
545.jpg,22
546.jpg,77
547.jpg,94
548.jpg,38
549.jpg,83
550.jpg,55
551.jpg,77
552.jpg,67
553.jpg,63
554.jpg,75
555.jpg,28
556.jpg,33
557.jpg,61
558.jpg,92
559.jpg,75
560.jpg,87
561.jpg,55
562.jpg,44
563.jpg,49
564.jpg,78
565.jpg,87
566.jpg,67
567.jpg,75
568.jpg,90
569.jpg,63
570.jpg,94
571.jpg,32
572.jpg,75
573.jpg,34
574.jpg,63
575.jpg,38
576.jpg,47
577.jpg,60
578.jpg,75
579.jpg,90
580.jpg,31
581.jpg,87
582.jpg,38
583.jpg,33
584.jpg,60
585.jpg,38
586.jpg,74
587.jpg,87
588.jpg,22
589.jpg,94
590.jpg,48
591.jpg,61
592.jpg,75
593.jpg,94
594.jpg,85
595.jpg,66
596.jpg,81
597.jpg,3
598.jpg,94
599.jpg,48
600.jpg,25
601.jpg,63
602.jpg,94
603.jpg,44
604.jpg,67
605.jpg,34
606.jpg,27
607.jpg,57
608.jpg,81
609.jpg,67
610.jpg,10
611.jpg,51
612.jpg,31
613.jpg,75
614.jpg,23
615.jpg,90
616.jpg,94
617.jpg,81
618.jpg,67
619.jpg,94
620.jpg,63
621.jpg,75
622.jpg,58
623.jpg,31
624.jpg,31
625.jpg,10
626.jpg,48
627.jpg,75
628.jpg,94
629.jpg,8
630.jpg,62
631.jpg,27
632.jpg,22
633.jpg,55
634.jpg,38
635.jpg,10
636.jpg,67
637.jpg,67
638.jpg,10
639.jpg,94
640.jpg,7
641.jpg,37
642.jpg,55
643.jpg,63
644.jpg,94
645.jpg,46
646.jpg,44
647.jpg,28
648.jpg,85
649.jpg,55
650.jpg,31
651.jpg,76
652.jpg,75
653.jpg,60
654.jpg,10
655.jpg,20
656.jpg,92
657.jpg,96
658.jpg,71
659.jpg,94
660.jpg,12
661.jpg,90
662.jpg,37
663.jpg,75
664.jpg,67
665.jpg,34
666.jpg,89
667.jpg,67
668.jpg,55
669.jpg,75
670.jpg,36
671.jpg,38
672.jpg,52
673.jpg,38
674.jpg,28
675.jpg,75
676.jpg,85
677.jpg,37
678.jpg,38
679.jpg,94
680.jpg,67
681.jpg,84
682.jpg,3
683.jpg,51
684.jpg,78
685.jpg,27
686.jpg,34
687.jpg,87
688.jpg,67
689.jpg,77
690.jpg,75
691.jpg,57
692.jpg,23
693.jpg,81
694.jpg,20
695.jpg,38
696.jpg,31
697.jpg,67
698.jpg,19
699.jpg,94
700.jpg,33
701.jpg,22
702.jpg,87
703.jpg,66
704.jpg,88
705.jpg,75
706.jpg,94
707.jpg,85
708.jpg,0
709.jpg,67
710.jpg,87
711.jpg,81
712.jpg,44
713.jpg,90
714.jpg,55
715.jpg,20
716.jpg,90
717.jpg,52
718.jpg,27
719.jpg,96
720.jpg,67
721.jpg,55
722.jpg,90
723.jpg,63
724.jpg,94
725.jpg,94
726.jpg,63
727.jpg,31
728.jpg,60
729.jpg,66
730.jpg,41
731.jpg,75
732.jpg,38
733.jpg,56
734.jpg,94
735.jpg,63
736.jpg,75
737.jpg,56
738.jpg,94
739.jpg,32
740.jpg,94
741.jpg,94
742.jpg,31
743.jpg,67
744.jpg,88
745.jpg,66
746.jpg,81
747.jpg,81
748.jpg,81
749.jpg,67
750.jpg,90
751.jpg,55
752.jpg,85
753.jpg,84
754.jpg,20
755.jpg,55
756.jpg,38
757.jpg,87
758.jpg,27
759.jpg,77
760.jpg,55
761.jpg,85
762.jpg,40
763.jpg,67
764.jpg,94
765.jpg,94
766.jpg,67
767.jpg,55
768.jpg,88
769.jpg,20
770.jpg,81
771.jpg,77
772.jpg,38
773.jpg,18
774.jpg,54
775.jpg,88
776.jpg,94
777.jpg,38
778.jpg,62
779.jpg,44
780.jpg,44
781.jpg,43
782.jpg,55
783.jpg,6
784.jpg,66
785.jpg,41
786.jpg,31
787.jpg,24
788.jpg,61
789.jpg,10
790.jpg,94
791.jpg,87
792.jpg,44
793.jpg,70
794.jpg,67
795.jpg,48
796.jpg,36
797.jpg,1
798.jpg,31
799.jpg,44
800.jpg,38
801.jpg,20
802.jpg,55
803.jpg,38
804.jpg,37
805.jpg,29
806.jpg,96
807.jpg,44
808.jpg,38
809.jpg,31
810.jpg,62
811.jpg,94
812.jpg,28
813.jpg,31
814.jpg,94
815.jpg,77
816.jpg,86
817.jpg,41
818.jpg,62
819.jpg,10
820.jpg,81
821.jpg,94
822.jpg,55
823.jpg,27
824.jpg,96
825.jpg,10
826.jpg,22
827.jpg,41
828.jpg,31
829.jpg,55
830.jpg,22
831.jpg,85
832.jpg,18
833.jpg,44
834.jpg,44
835.jpg,54
836.jpg,67
837.jpg,67
838.jpg,90
839.jpg,11
840.jpg,60
841.jpg,27
842.jpg,37
843.jpg,52
844.jpg,94
845.jpg,94
846.jpg,85
847.jpg,98
848.jpg,70
849.jpg,34
850.jpg,22
851.jpg,44
852.jpg,31
853.jpg,44
854.jpg,61
855.jpg,27
856.jpg,67
857.jpg,55
858.jpg,55
859.jpg,7
860.jpg,62
861.jpg,85
862.jpg,60
863.jpg,81
864.jpg,72
865.jpg,58
866.jpg,38
867.jpg,90
868.jpg,10
869.jpg,67
870.jpg,48
871.jpg,90
872.jpg,90
873.jpg,63
874.jpg,67
875.jpg,88
876.jpg,61
877.jpg,32
878.jpg,38
879.jpg,94
880.jpg,38
881.jpg,44
882.jpg,38
883.jpg,94
884.jpg,33
885.jpg,61
886.jpg,15
887.jpg,63
888.jpg,87
889.jpg,81
890.jpg,31
891.jpg,4
892.jpg,94
893.jpg,44
894.jpg,38
895.jpg,94
896.jpg,77
897.jpg,61
898.jpg,94
899.jpg,31
900.jpg,94
901.jpg,98
902.jpg,61
903.jpg,49
904.jpg,76
905.jpg,50
906.jpg,91
907.jpg,40
908.jpg,94
909.jpg,38
910.jpg,75
911.jpg,77
912.jpg,34
913.jpg,89
914.jpg,75
915.jpg,18
916.jpg,75
917.jpg,61
918.jpg,51
919.jpg,44
920.jpg,94
921.jpg,97
922.jpg,75
923.jpg,94
924.jpg,22
925.jpg,77
926.jpg,48
927.jpg,10
928.jpg,85
929.jpg,8
930.jpg,43
931.jpg,67
932.jpg,92
933.jpg,94
934.jpg,66
935.jpg,83
936.jpg,18
937.jpg,19
938.jpg,96
939.jpg,38
940.jpg,22
941.jpg,94
942.jpg,27
943.jpg,94
944.jpg,38
945.jpg,92
946.jpg,73
947.jpg,94
948.jpg,67
949.jpg,28
950.jpg,56
951.jpg,10
952.jpg,75
953.jpg,62
954.jpg,67
955.jpg,90
956.jpg,94
957.jpg,94
958.jpg,90
959.jpg,40
960.jpg,31
961.jpg,55
962.jpg,67
963.jpg,94
964.jpg,81
965.jpg,77
966.jpg,92
967.jpg,92
968.jpg,43
969.jpg,55
970.jpg,77
971.jpg,85
972.jpg,61
973.jpg,77
974.jpg,75
975.jpg,38
976.jpg,81
977.jpg,71
978.jpg,94
979.jpg,94
980.jpg,61
981.jpg,63
982.jpg,63
983.jpg,70
984.jpg,75
985.jpg,22
986.jpg,77
987.jpg,29
988.jpg,77
989.jpg,55
990.jpg,28
991.jpg,70
992.jpg,54
993.jpg,27
994.jpg,81
995.jpg,88
996.jpg,44
997.jpg,10
998.jpg,0
999.jpg,77
1000.jpg,69
1001.jpg,33
1002.jpg,23
1003.jpg,65
1004.jpg,61
1005.jpg,77
1006.jpg,31
1007.jpg,63
1008.jpg,67
1009.jpg,67
1010.jpg,38
1011.jpg,31
1012.jpg,67
1013.jpg,67
1014.jpg,33
1015.jpg,87
1016.jpg,8
1017.jpg,37
1018.jpg,18
1019.jpg,18
1020.jpg,31
1021.jpg,31
1022.jpg,38
1023.jpg,67
1024.jpg,75
1025.jpg,52
1026.jpg,44
1027.jpg,67
1028.jpg,27
1029.jpg,38
1030.jpg,94
1031.jpg,71
1032.jpg,38
1033.jpg,37
1034.jpg,67
1035.jpg,77
